batch,question,metric,score,passed,reason
1,What is the core architectural idea that defines the Transformer model from my pdf?,Faithfulness,1.0,True,"The score is 1.00 because there are no contradictions, indicating the actual output perfectly aligns with the retrieval context. Great job!"
1,What is the core architectural idea that defines the Transformer model from my pdf?,Answer Relevancy,1.0,True,The score is 1.00 because the answer was completely on-topic and contained no irrelevant statements.
1,What is the core architectural idea that defines the Transformer model from my pdf?,Contextual Precision,1.0,True,"The score is 1.00 because the first node (rank 1) directly cites the core idea – it ""eschewing recurrence and instead relying entirely on an attention mechanism to draw global dependencies between input and output"" – while the later nodes (ranks 2‑5) lack any mention of this and are correctly ranked lower as irrelevant."
1,What is the core architectural idea that defines the Transformer model from my pdf?,Contextual Recall,1.0,True,"The score is 1.00 because the sole sentence (sentence 1) is directly attributed to node 1 in the retrieval context, which explicitly states that the Transformer relies entirely on attention mechanisms to draw global dependencies and omits recurrence, leaving no unsupported content."
1,What key limitation of recurrent models does the Transformer address from my pdf?,Faithfulness,0.75,True,"The score is 0.75 because the actual output incorrectly claims that the Transformer eliminates the sequential bottleneck, contradicting the context which states the fundamental constraint of sequential computation remains."
1,What key limitation of recurrent models does the Transformer address from my pdf?,Answer Relevancy,0.875,True,"The score is 0.88 because the reply contained only a citation and failed to explain the key limitation of recurrent models that the Transformer addresses, leaving part of the answer irrelevant."
1,What key limitation of recurrent models does the Transformer address from my pdf?,Contextual Precision,1.0,True,"The score is 1.00 because every retrieval node is relevant and correctly ordered. Node 1’s reason cites ""sequential nature precludes parallelization…"", node 2 repeats the same passage, node 3 again highlights ""sequential nature precludes parallelization…"", node 4 mentions the ""fundamental constraint of sequential computation"", and node 5 notes ""reducing sequential computation…"". All five relevant nodes appear at the top, leaving no irrelevant nodes to push them down, yielding perfect contextual precision."
1,What key limitation of recurrent models does the Transformer address from my pdf?,Contextual Recall,1.0,True,"The score is 1.00 because sentence 1 directly aligns with node 1 in the retrieval context, which explicitly mentions the sequential nature and parallelization bottleneck at longer sequences."
2,"What is the formula for Scaled Dot-Product Attention, and why is the scaling factor needed from my pdf?",Faithfulness,1.0,True,"The score is 1.00 because there are no contradictions, showing perfect alignment with the retrieval context."
2,"What is the formula for Scaled Dot-Product Attention, and why is the scaling factor needed from my pdf?",Answer Relevancy,1.0,True,"The score is 1.00 because the answer directly and completely covered the formula and scaling factor without any irrelevant material, so it couldn’t be higher."
2,"What is the formula for Scaled Dot-Product Attention, and why is the scaling factor needed from my pdf?",Contextual Precision,0.0,False,"The score is 0.00 because ""no retrieval nodes were provided"", leaving no relevant nodes to be ranked above any irrelevant ones."
2,"What is the formula for Scaled Dot-Product Attention, and why is the scaling factor needed from my pdf?",Contextual Recall,0.0,False,The score is 0.00 because both sentences in the expected output (sentences 1 and 2) cannot be linked to any node in retrieval context (0 nodes available).
2,"How many attention heads are used in the base Transformer model, and what are the per-head dimensions from my pdf?",Faithfulness,0.3333333333333333,False,"The score is 0.33 because the actual output incorrectly claims the model has 12 attention heads per layer, whereas the retrieval context clearly states it uses only 2 heads per layer."
2,"How many attention heads are used in the base Transformer model, and what are the per-head dimensions from my pdf?",Answer Relevancy,1.0,True,"The score is 1.00 because the response directly answered the question about the number of attention heads and per‑head dimensions without any irrelevant content, so it couldn’t be higher."
2,"How many attention heads are used in the base Transformer model, and what are the per-head dimensions from my pdf?",Contextual Precision,0.0,False,"The score is 0.00 because every retrieved node is irrelevant: node 1 says ""...base model"" with 2 heads, node 2 mentions only 2 heads, node 3 talks about 4 heads, node 4 describes 4 layers with 4 heads, and node 5 gives 8 heads but only 32‑dim per head. Since no relevant information appears at any rank, contextual precision cannot be higher than zero."
2,"How many attention heads are used in the base Transformer model, and what are the per-head dimensions from my pdf?",Contextual Recall,0.0,False,The score is 0.00 because the sole sentence (sentence 1) cannot be linked to any node in the retrieval context; none of the nodes mention 8 parallel heads with key/value dimensions of 64.
3,What are the three distinct ways multi-head attention is applied within the Transformer architecture from my pdf?,Faithfulness,1.0,True,"The score is 1.00 because there are no contradictions, indicating the actual output perfectly aligns with the retrieval context. Great job!"
3,What are the three distinct ways multi-head attention is applied within the Transformer architecture from my pdf?,Answer Relevancy,1.0,True,The score is 1.00 because the response was fully on-topic with no irrelevant statements.
3,What are the three distinct ways multi-head attention is applied within the Transformer architecture from my pdf?,Contextual Precision,1.0,True,"The score is 1.00 because the four relevant nodes (ranks 1‑4) each contain quotes like ""The text explicitly lists the three ways: encoder‑decoder attention, encoder self‑attention, and decoder self‑attention"" and ""It repeats the same bullet points describing encoder‑decoder attention, encoder self‑attention, and decoder self‑attention"", ensuring they appear before the single irrelevant node at rank 5, so all relevant items are ranked higher."
3,What are the three distinct ways multi-head attention is applied within the Transformer architecture from my pdf?,Contextual Recall,1.0,True,"The score is 1.00 because sentence 1 is fully covered by node 1 in retrieval context, which enumerates encoder‑decoder attention, encoder self‑attention, and decoder self‑attention with masking—perfect alignment!"
3,What is the structure of the position-wise feed-forward network used in each layer from my pdf?,Faithfulness,1.0,True,"The score is 1.00 because there are no contradictions, indicating perfect faithfulness."
3,What is the structure of the position-wise feed-forward network used in each layer from my pdf?,Answer Relevancy,0.7777777777777778,True,"The score is 0.78 because the reply only provided a citation reference and omitted any description of the feed‑forward network’s structure, making those parts irrelevant; it did mention the FFN concept, so some relevance remains, resulting in a moderate score."
3,What is the structure of the position-wise feed-forward network used in each layer from my pdf?,Contextual Precision,1.0,True,"The score is 1.00 because every retrieved node is relevant: node 1’s reason cites ""FFN formula \""FFN(x) = max(0, xW1 + b1)W2 + b2\"""" and dimensions, node 2 notes ""a simple, position‑wise fully connected feed‑forward network"", node 3 repeats the same formula and dimensions, node 4 describes ""applied to each position separately and identically"" with ""two linear transformations with a ReLU"", and node 5 confirms the same structure. No irrelevant nodes appear, so the contextual precision is perfect."
3,What is the structure of the position-wise feed-forward network used in each layer from my pdf?,Contextual Recall,1.0,True,"The score is 1.00 because the sole sentence is fully backed by nodes 1 and 4 in retrieval context, which explicitly mention the two linear transformations with a ReLU activation and the dimensions 512 (input/output) and 2048 (inner‑layer)."
4,Why did the authors choose sinusoidal positional encodings over learned positional embeddings from my pdf?,Faithfulness,1.0,True,"The score is 1.00 because there are no contradictions, showing perfect alignment with the retrieval context."
4,Why did the authors choose sinusoidal positional encodings over learned positional embeddings from my pdf?,Answer Relevancy,1.0,True,"The score is 1.00 because the answer directly addressed the question about sinusoidal positional encodings versus learned embeddings with no irrelevant content, earning a perfect relevancy rating."
4,Why did the authors choose sinusoidal positional encodings over learned positional embeddings from my pdf?,Contextual Precision,1.0,True,"The score is 1.00 because every retrieval‑context node is relevant and they appear in the correct order. The first node’s reason cites ""we chose the sinusoidal version because it may allow the model to extrapolate to sequence lengths longer than the ones encountered during training,"" the second node repeats the same justification, the third node adds ""we chose this function because we hypothesized it would allow the model to easily learn to attend by relative positions,"" and the fourth and fifth nodes echo these points. Since there are no irrelevant nodes to push relevant ones down the ranking, the contextual precision is perfect."
4,Why did the authors choose sinusoidal positional encodings over learned positional embeddings from my pdf?,Contextual Recall,1.0,True,"The score is 1.00 because sentence 1 aligns directly with node 1 in the retrieval context, which notes the near‑identical results of learned positional embeddings and the extrapolation benefit of sinusoidal encodings."
4,"Combining the complexity analysis with the earlier discussion of convolutional alternatives, why does self-attention make it easier to learn long-range dependencies than the approaches it's compared against from my pdf?",Faithfulness,1.0,True,"The score is 1.00 because there are no contradictions, showing perfect faithfulness to the retrieval context."
4,"Combining the complexity analysis with the earlier discussion of convolutional alternatives, why does self-attention make it easier to learn long-range dependencies than the approaches it's compared against from my pdf?",Answer Relevancy,1.0,True,The score is 1.00 because the response directly addressed the question about self‑attention and long‑range dependencies without any irrelevant content.
4,"Combining the complexity analysis with the earlier discussion of convolutional alternatives, why does self-attention make it easier to learn long-range dependencies than the approaches it's compared against from my pdf?",Contextual Precision,1.0,True,"The score is 1.00 because every retrieval node (1‑5) directly cites the constant‑operation path length and reduced complexity—e.g., node 1 says ""linearly for ConvS2S and logarithmically for ByteNet... reduced to a constant number of operations,"" node 3 notes ""a self‑attention layer connects all positions with a constant number of sequentially executed operations""—so all relevant information is ranked highest with no irrelevant nodes."
4,"Combining the complexity analysis with the earlier discussion of convolutional alternatives, why does self-attention make it easier to learn long-range dependencies than the approaches it's compared against from my pdf?",Contextual Recall,1.0,True,"The score is 1.00 because sentence 1 is fully backed by node 1 (and its duplicate) noting linear/logarithmic growth for ConvS2S and ByteNet, and sentence 2 is fully backed by node 3 (and its duplicates) describing self‑attention’s constant‑operation connections, leaving no unsupported gaps."
5,"What optimizer was used to train the Transformer, and how long did the base model take to train from my pdf?",Faithfulness,1.0,True,"The score is 1.00 because there are no contradictions, indicating the actual output perfectly aligns with the retrieval context. Great job!"
5,"What optimizer was used to train the Transformer, and how long did the base model take to train from my pdf?",Answer Relevancy,1.0,True,"The score is 1.00 because the answer was completely on‑topic and addressed the question fully, with no irrelevant content."
5,"What optimizer was used to train the Transformer, and how long did the base model take to train from my pdf?",Contextual Precision,1.0,True,"The score is 1.00 because every node is relevant: node 1 includes ""We used the Adam optimizer"", node 2 repeats the Adam optimizer description, node 3 also mentions ""Adam optimizer"" and warmup_steps = 4000, node 4 again contains ""We used the Adam optimizer"", and node 5 confirms the same details. All relevant nodes are correctly ranked, leaving no irrelevant nodes to lower the precision."
5,"What optimizer was used to train the Transformer, and how long did the base model take to train from my pdf?",Contextual Recall,1.0,True,"The score is 1.00 because sentence 1 and sentence 2 are each directly supported by node 1 in the retrieval context, covering the optimizer, warmup steps, learning‑rate schedule, step count, duration and GPU details."
5,"What two types of regularization were applied during training, and what values were used from my pdf?",Faithfulness,0.6666666666666666,False,"The score is 0.67 because the actual output incorrectly states that only two regularization techniques were used, contradicting the retrieval context which specifies three types of regularization were employed."
5,"What two types of regularization were applied during training, and what values were used from my pdf?",Answer Relevancy,1.0,True,"The score is 1.00 because the answer directly addressed the question with no irrelevant statements, perfectly matching the input."
5,"What two types of regularization were applied during training, and what values were used from my pdf?",Contextual Precision,1.0,True,"The score is 1.00 because the first three nodes (ranks 1‑3) each explicitly mention “dropout rate of Pdrop = 0.1” and “label smoothing … ϵls = 0.1”, while the later nodes (ranks 4‑5) lack those details, so all relevant information is ranked above irrelevant content."
5,"What two types of regularization were applied during training, and what values were used from my pdf?",Contextual Recall,1.0,True,"The score is 1.00 because node(s) in retrieval context (node 1) directly covers the dropout rate and positional encodings as well as the label‑smoothing value and its effects, matching the expected output sentence."
6,How did the Transformer's BLEU score and training cost compare to previous state-of-the-art models on English-to-German translation from my pdf?,Faithfulness,1.0,True,"The score is 1.00 because there are no contradictions, showing perfect faithfulness to the retrieval context."
6,How did the Transformer's BLEU score and training cost compare to previous state-of-the-art models on English-to-German translation from my pdf?,Answer Relevancy,1.0,True,"The score is 1.00 because the response was completely on‑topic and addressed the query without any irrelevant content, so it couldn’t be any higher."
6,How did the Transformer's BLEU score and training cost compare to previous state-of-the-art models on English-to-German translation from my pdf?,Contextual Precision,1.0,True,"The score is 1.00 because every retrieval node is relevant: the 1st node’s reason cites the table with ""Transformer (big) 28.4"" and lower training cost, the 2nd through 4th nodes repeat the same useful BLEU and cost details, and the 5th node explicitly notes the big Transformer ""outperforms... establishing a new state‑of‑the‑art BLEU score of 28.4"" with a fraction of the training cost. With no irrelevant nodes ranked above any relevant ones, contextual precision is perfect."
6,How did the Transformer's BLEU score and training cost compare to previous state-of-the-art models on English-to-German translation from my pdf?,Contextual Recall,1.0,True,"The score is 1.00 because the sole sentence is fully backed by node 1 (table showing ""Transformer (big) 28.4"" and ""Transformer (base model) ..."") and node 5 (results paragraph confirming the big transformer’s 28.4 BLEU and the base model’s superiority), leaving no gaps."
6,"According to the model variation experiments, what happens to translation quality when the number of attention heads changes from the base setting from my pdf?",Faithfulness,1.0,True,"The score is 1.00 because there are no contradictions, showing perfect alignment with the retrieval context."
6,"According to the model variation experiments, what happens to translation quality when the number of attention heads changes from the base setting from my pdf?",Answer Relevancy,1.0,True,The score is 1.00 because the answer directly addressed the query with no irrelevant statements.
6,"According to the model variation experiments, what happens to translation quality when the number of attention heads changes from the base setting from my pdf?",Contextual Precision,1.0,True,"The score is 1.00 because the first three nodes (rank 1‑3) contain relevant evidence – e.g., ""While single-head attention is 0.9 BLEU worse than the best setting, quality also drops off with too many heads"" and detailed BLEU tables – while the irrelevant nodes (rank 4‑5) are correctly placed after them, as they ""does not mention attention heads or BLEU differences"". This perfect ordering yields a contextual precision of 1.0."
6,"According to the model variation experiments, what happens to translation quality when the number of attention heads changes from the base setting from my pdf?",Contextual Recall,1.0,True,"The score is 1.00 because the sole sentence (sentence 1) is directly backed by node 1 in the retrieval context, matching the claim exactly."
7,"Combining the main translation results with the model variation study, what do the authors conclude about model size and dropout from my pdf?",Faithfulness,1.0,True,"The score is 1.00 because there are no contradictions, showing perfect faithfulness to the retrieval context."
7,"Combining the main translation results with the model variation study, what do the authors conclude about model size and dropout from my pdf?",Answer Relevancy,0.0,False,"The score is 0.00 because the response only said there is insufficient information and gave no conclusion about model size or dropout, making it completely irrelevant to the question."
7,"Combining the main translation results with the model variation study, what do the authors conclude about model size and dropout from my pdf?",Contextual Precision,0.0,False,"The score is 0.00 because there are no retrieval contexts at all—no nodes were provided, so there are no relevant items to rank above any irrelevant ones."
7,"Combining the main translation results with the model variation study, what do the authors conclude about model size and dropout from my pdf?",Contextual Recall,0.0,False,"The score is 0.00 because the sole sentence cannot be linked to any node in retrieval context, as there are no nodes to attribute it to."
7,"What task besides machine translation was the Transformer applied to, and how did it perform compared to prior approaches from my pdf?",Faithfulness,1.0,True,"The score is 1.00 because there are no contradictions, showing perfect alignment with the retrieval context."
7,"What task besides machine translation was the Transformer applied to, and how did it perform compared to prior approaches from my pdf?",Answer Relevancy,1.0,True,"The score is 1.00 because the answer directly addressed the question with no irrelevant statements, perfectly matching the input."
7,"What task besides machine translation was the Transformer applied to, and how did it perform compared to prior approaches from my pdf?",Contextual Precision,0.25,False,"The score is 0.25 because the only relevant node (node 4) appears after several irrelevant nodes. Nodes 1, 2, 3 and 5 are irrelevant – e.g., node 1 says “The text only discusses English‑French translation BLEU scores… which is unrelated to constituency parsing,” node 2 repeats translation‑focused information, node 3 “describes machine‑translation results… without any reference to parsing,” and node 5 talks about “future applications to other modalities… and does not mention constituency parsing.” Since the relevant node is ranked fourth, the contextual precision is low."
7,"What task besides machine translation was the Transformer applied to, and how did it perform compared to prior approaches from my pdf?",Contextual Recall,0.5,False,"The score is 0.50 because sentence 1 is partially grounded: node 4 in the retrieval context supports the claims about no task‑specific tuning, the RNN‑Grammar exception, and the WSJ‑only and semi‑supervised settings, but no node mentions applying the Transformer to English constituency parsing or the Penn Treebank, leaving a key part unsupported."
8,"Combining the conclusion's future plans with the parsing experiment results, what does the paper suggest about the Transformer's applicability beyond translation from my pdf?",Faithfulness,1.0,True,"The score is 1.00 because there are no contradictions, indicating the actual output perfectly aligns with the retrieval context. Great job!"
8,"Combining the conclusion's future plans with the parsing experiment results, what does the paper suggest about the Transformer's applicability beyond translation from my pdf?",Answer Relevancy,1.0,True,The score is 1.00 because the response was fully on-topic with no irrelevant statements.
8,"Combining the conclusion's future plans with the parsing experiment results, what does the paper suggest about the Transformer's applicability beyond translation from my pdf?",Contextual Precision,1.0,True,"The score is 1.00 because every retrieved node is relevant – the quoted reasons in node 1 (""plan to extend the Transformer...""), node 2 (""parsing experiments...""), node 3 (repeating the future‑plan), node 4 (repeating the parsing‑experiment), and node 5 (again confirming applicability) all directly support the query, leaving no irrelevant nodes that need to be ranked lower."
8,"Combining the conclusion's future plans with the parsing experiment results, what does the paper suggest about the Transformer's applicability beyond translation from my pdf?",Contextual Recall,1.0,True,"The score is 1.00 because the sole sentence maps directly to node 1 in the retrieval context, covering the parsing experiments, structural constraints, and the planned extension to images, audio, video, and restricted attention."
